{
  "version": 2,
  "warnings": [],
  "vanish": false,
  "mail": [],
  "fly": false,
  "homes": {},
  "notes": [],
  "lastKnownName": "Cah00tz",
  "lastLogin": 1569959845691,
  "lastLogout": 1569960395423,
  "lastIP": "/178.117.19.166",
  "firstJoin": 1569959845691,
  "startedFirstJoin": false,
  "jailOnNextLogin": false,
  "isFrozen": false,
  "invulnerable": false,
  "lastLocation": {
    "x": 10.294236011512405,
    "y": 25.0,
    "z": 79.09368390797583,
    "rotx": 0.0,
    "roty": 0.0,
    "rotz": 0.0,
    "world": "ae8b0073-864a-484b-a312-7db1528c394d"
  }
}
