{
  "version": 2,
  "isFrozen": false,
  "vanish": false,
  "homes": {},
  "fly": false,
  "mail": [],
  "notes": [],
  "lastKnownName": "UyTheo",
  "lastLogin": 1569777959878,
  "lastLogout": 1569778214205,
  "lastIP": "/184.81.254.209",
  "firstJoin": 1569777959878,
  "startedFirstJoin": false,
  "jailOnNextLogin": false,
  "warnings": [],
  "invulnerable": false,
  "lastLocation": {
    "x": 7.498045970915261,
    "y": 27.5625,
    "z": 33.46948418055058,
    "rotx": 0.0,
    "roty": 0.0,
    "rotz": 0.0,
    "world": "ae8b0073-864a-484b-a312-7db1528c394d"
  }
}
