{
  "version": 2,
  "lastKnownName": "Durithill",
  "lastLocation": {
    "x": 3.9271252131651253,
    "y": 25.0,
    "z": 72.11311645121987,
    "rotx": 0.0,
    "roty": 0.0,
    "rotz": 0.0,
    "world": "ae8b0073-864a-484b-a312-7db1528c394d"
  },
  "lastLogin": 1572814037684,
  "lastLogout": 1572816862610,
  "lastIP": "/47.227.224.149",
  "firstJoin": 1572812759733,
  "startedFirstJoin": false,
  "vanish": false,
  "isFrozen": false,
  "mail": [],
  "jailOnNextLogin": false,
  "fly": false,
  "homes": {},
  "notes": [],
  "warnings": [],
  "invulnerable": false
}
