{
  "version": 2,
  "isFrozen": false,
  "vanish": false,
  "homes": {},
  "fly": false,
  "mail": [],
  "notes": [],
  "lastKnownName": "Draidenzz008",
  "lastLogin": 1569764132969,
  "lastLogout": 1569764332727,
  "lastIP": "/81.205.190.94",
  "firstJoin": 1569764132969,
  "startedFirstJoin": false,
  "jailOnNextLogin": false,
  "warnings": [],
  "invulnerable": false,
  "lastLocation": {
    "x": 11.352653144638339,
    "y": 25.0,
    "z": -5.045965025063952,
    "rotx": 0.0,
    "roty": 0.0,
    "rotz": 0.0,
    "world": "ae8b0073-864a-484b-a312-7db1528c394d"
  }
}
