{
  "version": 2,
  "lastKnownName": "kastaaa",
  "lastLogin": 1569419946597,
  "lastLogout": 1569421175904,
  "lastIP": "/127.0.0.1",
  "firstJoin": 1569419946597,
  "startedFirstJoin": false,
  "vanish": false,
  "notes": [],
  "fly": false,
  "mail": [],
  "homes": {},
  "isFrozen": false,
  "jailOnNextLogin": false,
  "warnings": [],
  "invulnerable": false,
  "lastLocation": {
    "x": -12.485178058624175,
    "y": 22.1875,
    "z": 17.693426785082302,
    "rotx": 0.0,
    "roty": 0.0,
    "rotz": 0.0,
    "world": "ae8b0073-864a-484b-a312-7db1528c394d"
  }
}
