{
  "version": 2,
  "warnings": [],
  "homes": {},
  "jailOnNextLogin": false,
  "fly": false,
  "lastKnownName": "Epherma",
  "lastLocation": {
    "x": 9.060024592915301,
    "y": 27.875,
    "z": -20.59414404662432,
    "rotx": 0.0,
    "roty": 0.0,
    "rotz": 0.0,
    "world": "ae8b0073-864a-484b-a312-7db1528c394d"
  },
  "lastLogin": 1573258514599,
  "lastLogout": 1573259359489,
  "lastIP": "/110.159.177.250",
  "firstJoin": 1573258128105,
  "startedFirstJoin": false,
  "invulnerable": false,
  "isFrozen": false,
  "vanish": false,
  "mail": [],
  "notes": []
}
