{
  "version": 2,
  "lastKnownName": "Alc1630",
  "lastLogin": 1569825989367,
  "lastLogout": 1569826166707,
  "lastIP": "/47.27.177.5",
  "firstJoin": 1569817015980,
  "startedFirstJoin": false,
  "isFrozen": false,
  "fly": false,
  "invulnerable": false,
  "jailOnNextLogin": false,
  "vanish": false,
  "lastLocation": {
    "x": 9.40882507853066,
    "y": 27.875,
    "z": -17.39570772572825,
    "rotx": 0.0,
    "roty": 0.0,
    "rotz": 0.0,
    "world": "ae8b0073-864a-484b-a312-7db1528c394d"
  },
  "mail": [],
  "homes": {},
  "notes": [],
  "warnings": []
}
