{
  "version": 2,
  "jailOnNextLogin": false,
  "vanish": false,
  "mail": [],
  "warnings": [],
  "notes": [],
  "lastKnownName": "DEMMERS",
  "lastLogin": 1572373097891,
  "lastLogout": 1572375761921,
  "lastIP": "/136.35.224.208",
  "firstJoin": 1572373097891,
  "startedFirstJoin": false,
  "fly": false,
  "invulnerable": false,
  "isFrozen": false,
  "homes": {},
  "lastLocation": {
    "x": -13.492363007691667,
    "y": 22.1875,
    "z": 15.712473493297352,
    "rotx": 0.0,
    "roty": 0.0,
    "rotz": 0.0,
    "world": "ae8b0073-864a-484b-a312-7db1528c394d"
  }
}
