{
  "version": 2,
  "jailOnNextLogin": false,
  "vanish": false,
  "mail": [],
  "warnings": [],
  "notes": [],
  "lastKnownName": "AshHigi",
  "lastLogin": 1570781681080,
  "lastLogout": 1570782531736,
  "lastIP": "/101.162.108.230",
  "firstJoin": 1570781681080,
  "startedFirstJoin": false,
  "fly": false,
  "invulnerable": false,
  "isFrozen": false,
  "homes": {},
  "lastLocation": {
    "x": 35.66829707960214,
    "y": 22.1875,
    "z": 13.070892918329761,
    "rotx": 0.0,
    "roty": 0.0,
    "rotz": 0.0,
    "world": "ae8b0073-864a-484b-a312-7db1528c394d"
  }
}
