{
  "version": 2,
  "warnings": [],
  "homes": {},
  "jailOnNextLogin": false,
  "fly": false,
  "lastKnownName": "Venlar8",
  "lastLogin": 1573199399441,
  "lastLogout": 1573201717480,
  "lastIP": "/73.164.235.98",
  "firstJoin": 1573090850910,
  "startedFirstJoin": false,
  "invulnerable": false,
  "isFrozen": false,
  "vanish": false,
  "mail": [],
  "notes": [],
  "ignoreList": [],
  "lastLocation": {
    "x": 5.2291045379604375,
    "y": 26.4375,
    "z": 20.518938847605302,
    "rotx": 0.0,
    "roty": 0.0,
    "rotz": 0.0,
    "world": "ae8b0073-864a-484b-a312-7db1528c394d"
  }
}
