{
  "version": 2,
  "warnings": [],
  "homes": {},
  "jailOnNextLogin": false,
  "fly": false,
  "lastKnownName": "shadowcrazy4th",
  "lastLogin": 1573117573480,
  "lastLogout": 1573118012737,
  "lastIP": "/173.168.193.214",
  "firstJoin": 1573117573480,
  "startedFirstJoin": false,
  "invulnerable": false,
  "isFrozen": false,
  "vanish": false,
  "mail": [],
  "notes": [],
  "lastLocation": {
    "x": -3.991584222955307,
    "y": 22.1875,
    "z": 14.658845595897187,
    "rotx": 0.0,
    "roty": 0.0,
    "rotz": 0.0,
    "world": "ae8b0073-864a-484b-a312-7db1528c394d"
  }
}
