{
  "version": 2,
  "lastKnownName": "JosephJRT",
  "lastLocation": {
    "x": 10.531456784000024,
    "y": 25.0,
    "z": 11.296246321866443,
    "rotx": 0.0,
    "roty": 0.0,
    "rotz": 0.0,
    "world": "ae8b0073-864a-484b-a312-7db1528c394d"
  },
  "lastLogin": 1572777742107,
  "lastLogout": 1572780399616,
  "lastIP": "/73.66.234.194",
  "firstJoin": 1569402603730,
  "startedFirstJoin": false,
  "vanish": false,
  "fly": false,
  "isFrozen": false,
  "jailOnNextLogin": false,
  "invulnerable": false,
  "mail": [],
  "homes": {},
  "notes": [],
  "warnings": []
}
