{
  "version": 2,
  "warnings": [],
  "vanish": false,
  "mail": [],
  "fly": false,
  "homes": {},
  "notes": [],
  "lastKnownName": "tonturon",
  "lastLogin": 1569966774079,
  "lastLogout": 1569967342011,
  "lastIP": "/180.191.165.200",
  "firstJoin": 1569966774079,
  "startedFirstJoin": false,
  "jailOnNextLogin": false,
  "isFrozen": false,
  "invulnerable": false,
  "lastLocation": {
    "x": 8.512104309652436,
    "y": 28.0,
    "z": -26.04841007129678,
    "rotx": 0.0,
    "roty": 0.0,
    "rotz": 0.0,
    "world": "ae8b0073-864a-484b-a312-7db1528c394d"
  }
}
