{
  "version": 2,
  "jailOnNextLogin": false,
  "fly": false,
  "lastKnownName": "Zeedus",
  "lastLogin": 1574847105369,
  "lastLogout": 1574847312623,
  "lastIP": "/97.115.124.160",
  "firstJoin": 1573090110097,
  "startedFirstJoin": false,
  "invulnerable": false,
  "isFrozen": false,
  "vanish": false,
  "lastLocation": {
    "x": 8.163547898485605,
    "y": 28.0,
    "z": -24.65883486563553,
    "rotx": 0.0,
    "roty": 0.0,
    "rotz": 0.0,
    "world": "ae8b0073-864a-484b-a312-7db1528c394d"
  },
  "notes": [],
  "mail": [],
  "warnings": [],
  "homes": {}
}
